<?xml version="1.0" encoding="UTF-8"?>
<beans xmlns = "http://www.springframework.org/schema/beans"
   xmlns:xsi = "http://www.w3.org/2001/XMLSchema-instance"
   xsi:schemaLocation = "http://www.springframework.org/schema/beans
   http://www.springframework.org/schema/beans/spring-beans-3.0.xsd">
   <bean id ="question" class ="com.setter.Question">
   <constructor-arg value = "11"></constructor-arg>
   <constructor-arg value = "what is java"></constructor-arg>
   <constructor-arg>
   <map> 
   <entry key = "java is programming language" value= "Ajay"></entry>
   <entry key="java is platform independent" value = "sri"></entry>
   <entry key="java is an island" value="Ravi"></entry>
   </map>
   </constructor-arg>
   </bean>
   </beans>