<?xml version="1.0" encoding="UTF-8"?>
<beans xmlns = "http://www.springframework.org/schema/beans"
   xmlns:xsi = "http://www.w3.org/2001/XMLSchema-instance"
   xsi:schemaLocation = "http://www.springframework.org/schema/beans
   http://www.springframework.org/schema/beans/spring-beans-3.0.xsd">
   <bean id="library" class="com.setter.Library">
  <constructor-arg value="101"></constructor-arg>
  <constructor-arg value="University Library"></constructor-arg>
  <constructor-arg>
  <set>
  <value>Java</value>
  <value>JSf in action</value>
  <value>JSf in action</value>
  <value>Mastering EJB</value>
  </set>
 
  </constructor-arg>
  </bean>
  </beans>