<?xml version="1.0" encoding="UTF-8"?>
<beans xmlns = "http://www.springframework.org/schema/beans"
   xmlns:xsi = "http://www.w3.org/2001/XMLSchema-instance"
   xsi:schemaLocation = "http://www.springframework.org/schema/beans
   http://www.springframework.org/schema/beans/spring-beans-3.0.xsd">
<bean class="com.setter.Address" id="addr">

<constructor-arg value="123"></constructor-arg>
<constructor-arg value="hyd"></constructor-arg>
</bean>
<bean class="com.setter.EmployeeWiring" id="e" autowire="constructor">
<property name="salary" value="50000"></property>
</bean>
</beans>